<application>
  <component name="AppStorage">
    <option name="newTranslationDialogWidth" value="598" />
    <option name="newTranslationDialogX" value="3458" />
    <option name="newTranslationDialogY" value="878" />
    <histories>
      <item value="rowing" />
      <item value="river bank" />
      <item value="sliding" />
      <item value="flats" />
      <item value="flown" />
      <item value="flew" />
      <item value="ploughed" />
      <item value="Pilatus" />
      <item value="Porter" />
      <item value="swiss" />
      <item value="swath" />
      <item value="Gorgon" />
      <item value="wound" />
      <item value="leapt" />
      <item value="crept" />
      <item value="upside down" />
      <item value="critically" />
      <item value="curtain" />
      <item value="spoken" />
      <item value="a porter" />
      <item value="porter" />
      <item value="wicked" />
      <item value="complain" />
      <item value="complaint" />
      <item value="sympathetic" />
      <item value="Nigeria" />
      <item value="Holland" />
      <item value="Ragdoll" />
      <item value="Aeroplanes" />
      <item value="Embattle" />
      <item value="阵营" />
      <item value="might as well" />
      <item value="I might as well have them" />
      <item value="Wednesday" />
      <item value="exclaim" />
      <item value="exclaimed" />
      <item value="began" />
      <item value="Fist" />
      <item value="Elapsed" />
      <item value="Process" />
      <item value="Schedules" />
      <item value="Hive" />
      <item value="Load Balancing" />
      <item value="Sweden" />
      <item value="France" />
      <item value="Async" />
      <item value="Vietnamese" />
      <item value="Vietnam" />
    </histories>
    <option name="languageScores">
      <map>
        <entry key="CHINESE" value="51" />
        <entry key="ENGLISH" value="52" />
        <entry key="GERMAN" value="1" />
        <entry key="FRENCH" value="3" />
      </map>
    </option>
  </component>
  <component name="Cache">
    <option name="lastTrimTime" value="1641806568093" />
  </component>
  <component name="Settings">
    <option name="googleTranslateSettings">
      <google-translate>
        <option name="primaryLanguage" value="CHINESE" />
      </google-translate>
    </option>
    <option name="targetLanguageSelection" value="PRIMARY_LANGUAGE" />
  </component>
</application>