<keymap version="1" name="Visual Studio copy" parent="Visual Studio">
  <action id="ActivateDebugToolWindow" />
  <action id="ActivateFavoritesToolWindow" />
  <action id="ActivateFindToolWindow">
    <keyboard-shortcut first-keystroke="ctrl alt f12" />
  </action>
  <action id="ActivateProjectToolWindow">
    <keyboard-shortcut first-keystroke="ctrl alt l" />
  </action>
  <action id="ActivateRunToolWindow" />
  <action id="ActivateTerminalToolWindow">
    <keyboard-shortcut first-keystroke="ctrl alt 1" />
    <keyboard-shortcut first-keystroke="alt back_quote" />
  </action>
  <action id="Arrangement.Alias.Rule.Edit" />
  <action id="Arrangement.Rule.Edit" />
  <action id="Arrangement.Rule.Group.Condition.Move.Up" />
  <action id="Arrangement.Rule.Match.Condition.Move.Down" />
  <action id="Arrangement.Rule.Match.Condition.Move.Up" />
  <action id="Back">
    <keyboard-shortcut first-keystroke="alt q" />
  </action>
  <action id="ChangesView.AddUnversioned" />
  <action id="CollapseAllRegions">
    <keyboard-shortcut first-keystroke="ctrl m" second-keystroke="a" />
    <keyboard-shortcut first-keystroke="ctrl m" second-keystroke="ctrl a" />
    <keyboard-shortcut first-keystroke="ctrl alt a" />
  </action>
  <action id="CollapseRegion">
    <keyboard-shortcut first-keystroke="ctrl m" second-keystroke="s" />
    <keyboard-shortcut first-keystroke="ctrl m" second-keystroke="ctrl s" />
    <keyboard-shortcut first-keystroke="ctrl alt c" />
  </action>
  <action id="CommentByLineComment">
    <keyboard-shortcut first-keystroke="ctrl slash" />
    <keyboard-shortcut first-keystroke="ctrl divide" />
    <keyboard-shortcut first-keystroke="ctrl colon" />
    <keyboard-shortcut first-keystroke="alt c" />
  </action>
  <action id="Debugger.EditArrayFilter" />
  <action id="Debugger.EditCustomField" />
  <action id="Diagram.DeselectAll" />
  <action id="Diff.ApplyRightSide" />
  <action id="EditorContextInfo" />
  <action id="EditorLineEnd">
    <keyboard-shortcut first-keystroke="end" />
    <keyboard-shortcut first-keystroke="alt semicolon" />
  </action>
  <action id="ExpandAllToLevel1">
    <keyboard-shortcut first-keystroke="shift ctrl multiply" second-keystroke="1" />
    <keyboard-shortcut first-keystroke="shift ctrl multiply" second-keystroke="numpad1" />
    <keyboard-shortcut first-keystroke="alt 1" />
  </action>
  <action id="ExpandAllToLevel2">
    <keyboard-shortcut first-keystroke="shift ctrl multiply" second-keystroke="2" />
    <keyboard-shortcut first-keystroke="shift ctrl multiply" second-keystroke="numpad2" />
    <keyboard-shortcut first-keystroke="alt 2" />
  </action>
  <action id="ExpandAllToLevel3">
    <keyboard-shortcut first-keystroke="shift ctrl multiply" second-keystroke="3" />
    <keyboard-shortcut first-keystroke="shift ctrl multiply" second-keystroke="numpad3" />
    <keyboard-shortcut first-keystroke="alt 3" />
  </action>
  <action id="ExpandAllToLevel4">
    <keyboard-shortcut first-keystroke="shift ctrl multiply" second-keystroke="4" />
    <keyboard-shortcut first-keystroke="shift ctrl multiply" second-keystroke="numpad4" />
    <keyboard-shortcut first-keystroke="alt 4" />
  </action>
  <action id="ExpandAllToLevel5">
    <keyboard-shortcut first-keystroke="shift ctrl multiply" second-keystroke="5" />
    <keyboard-shortcut first-keystroke="shift ctrl multiply" second-keystroke="numpad5" />
    <keyboard-shortcut first-keystroke="alt 5" />
  </action>
  <action id="FileStructurePopup">
    <keyboard-shortcut first-keystroke="ctrl f12" />
    <keyboard-shortcut first-keystroke="alt a" />
  </action>
  <action id="FindUsages">
    <keyboard-shortcut first-keystroke="shift alt f7" />
    <keyboard-shortcut first-keystroke="alt r" />
  </action>
  <action id="Forward">
    <keyboard-shortcut first-keystroke="alt e" />
  </action>
  <action id="Generate">
    <keyboard-shortcut first-keystroke="ctrl n" />
    <keyboard-shortcut first-keystroke="alt insert" />
    <keyboard-shortcut first-keystroke="alt n" />
  </action>
  <action id="Git.Reword.Commit">
    <keyboard-shortcut first-keystroke="shift f6" />
  </action>
  <action id="Git.Stage.Add" />
  <action id="GotoClass">
    <keyboard-shortcut first-keystroke="alt g" />
  </action>
  <action id="GotoDeclaration">
    <mouse-shortcut keystroke="control button1" />
    <keyboard-shortcut first-keystroke="alt d" />
  </action>
  <action id="GotoLine">
    <keyboard-shortcut first-keystroke="alt t" />
  </action>
  <action id="GotoNextError" />
  <action id="InsertLiveTemplate">
    <keyboard-shortcut first-keystroke="ctrl j" />
    <keyboard-shortcut first-keystroke="alt j" />
  </action>
  <action id="IntroduceConstant" />
  <action id="MethodDown" />
  <action id="MethodUp" />
  <action id="MoveLineDown">
    <keyboard-shortcut first-keystroke="shift alt down" />
    <keyboard-shortcut first-keystroke="alt down" />
  </action>
  <action id="MoveLineUp">
    <keyboard-shortcut first-keystroke="shift alt up" />
    <keyboard-shortcut first-keystroke="alt up" />
  </action>
  <action id="ReSharperGotoImplementation">
    <keyboard-shortcut first-keystroke="ctrl f12" />
    <mouse-shortcut keystroke="alt button1" />
  </action>
  <action id="ReSharperNavigateTo">
    <keyboard-shortcut first-keystroke="alt dead_grave" />
  </action>
  <action id="ReformatCode">
    <keyboard-shortcut first-keystroke="alt f8" />
    <keyboard-shortcut first-keystroke="ctrl alt f" />
    <keyboard-shortcut first-keystroke="alt f" />
  </action>
  <action id="RenameElement">
    <keyboard-shortcut first-keystroke="shift f6" />
    <keyboard-shortcut first-keystroke="f2" />
  </action>
  <action id="RenameFile">
    <keyboard-shortcut first-keystroke="alt f2" />
  </action>
  <action id="SelectNextOccurrence" />
  <action id="ShelvedChanges.Rename">
    <keyboard-shortcut first-keystroke="shift f6" />
  </action>
  <action id="ShowBookmarks">
    <keyboard-shortcut first-keystroke="shift ctrl b" />
  </action>
  <action id="ShowContent" />
  <action id="ShowErrorDescription">
    <keyboard-shortcut first-keystroke="ctrl f1" />
  </action>
  <action id="TodoViewGroupByFlattenPackage" />
  <action id="XDebugger.EditWatch" />
  <action id="XDebugger.MoveWatchDown" />
  <action id="XDebugger.SetValue" />
  <action id="hg4idea.add" />
</keymap>